Source,Target,Weight
3,12397,49
4,12397,34
25,12397,1
30,12398,388
31,12398,319
34,12398,32
35,12398,23
58,12398,2
31,12399,91
83,12399,79
4,12400,3
3,12405,40
83,12405,1
3,12406,20
142,12406,5
153,12406,1
30,12414,173
175,12414,92
31,12414,87
34,12414,33
153,12414,4
35,12414,4
30,12415,17
189,12415,3
58,12431,24
3,12438,3
153,12441,43
30,12460,62
175,12460,39
34,12460,28
31,12460,28
35,12460,8
153,12460,2
58,12460,2
58,12482,6
470,12485,3612
471,12485,3491
189,12485,1107
480,12485,849
482,12485,556
3,12485,461
31,12485,431
488,12485,354
30,12500,1
189,12501,7
4,12511,40
83,12511,1
586,12512,28
189,12512,6
83,12512,3
31,12540,112
34,12540,18
35,12540,17
58,12540,2
3,12540,1
31,12547,22
30,12551,95
31,12551,58
175,12551,42
34,12551,23
153,12551,4
35,12551,4
663,12551,1
30,12552,269
31,12552,249
34,12552,29
35,12552,20
58,12552,2
31,12554,42
34,12554,21
153,12554,4
35,12554,3
3,12568,6
4,12568,4
470,12568,1
31,12580,85
35,12580,10
34,12580,4
58,12580,2
3,12580,1
30,12586,12
31,12596,186
30,12596,179
34,12596,28
35,12596,17
58,12596,2
31,12642,86
35,12642,11
34,12642,5
58,12642,2
3,12642,1
34,12643,16
31,12643,6
35,12643,3
586,12653,462
83,12653,2
175,12653,2
470,12653,1
31,12658,7
25,12689,4
586,12694,22
83,12694,3
31,12694,1
153,12717,117
4,12717,95
25,12717,1
31,12725,105
35,12725,17
34,12725,5
58,12725,2
3,12725,1
30,12754,62
175,12754,36
34,12754,28
31,12754,28
35,12754,8
153,12754,2
58,12754,2
471,12768,11
25,12777,514
3,12793,83
142,12812,378
142,12816,179
34,12824,22
35,12824,8
31,12824,4
153,12824,2
58,12824,2
31,12827,29
34,12827,21
35,12827,3
153,12827,1
34,12828,22
35,12828,8
31,12828,4
153,12828,2
58,12828,2
83,12837,6
83,12841,6
83,12848,24
142,12848,1
31,12857,112
34,12857,18
35,12857,17
58,12857,2
3,12857,1
31,12863,44
34,12863,21
153,12863,4
35,12863,3
34,12864,27
175,12864,8
35,12864,8
31,12864,5
153,12864,2
58,12864,2
3,12867,83
3,12877,17
189,12877,6
153,12929,282
31,12929,4
153,12930,3
31,12941,39
34,12941,21
35,12941,3
153,12941,1
34,12942,27
35,12942,8
31,12942,4
153,12942,2
58,12942,2
153,12957,1
3,13025,1
34,13053,28
30,13053,22
31,13053,22
175,13053,20
35,13053,8
153,13053,2
58,13053,2
25,13071,2
31,13096,134
34,13096,22
35,13096,17
58,13096,2
3,13096,1
31,13097,38
34,13097,21
35,13097,3
153,13097,1
34,13098,27
35,13098,8
31,13098,4
153,13098,2
58,13098,2
175,13098,2
4,13150,14
34,13181,27
175,13181,8
35,13181,8
31,13181,5
153,13181,2
58,13181,2
153,13196,42
31,13205,136
34,13205,22
35,13205,17
58,13205,2
3,13205,1
175,13345,119
31,13357,136
34,13357,22
35,13357,17
58,13357,2
3,13357,1
31,13358,42
34,13358,21
35,13358,3
153,13358,1
34,13359,27
175,13359,8
35,13359,8
31,13359,5
153,13359,2
58,13359,2
153,13371,15
31,13412,142
30,13412,32
34,13412,26
35,13412,17
58,13412,2
175,13412,1
3,13412,1
31,13417,45
175,13417,24
34,13417,22
153,13417,4
35,13417,3
34,13418,27
175,13418,8
35,13418,8
31,13418,5
153,13418,2
58,13418,2
30,13418,1
153,13463,31
34,13515,27
175,13515,8
35,13515,8
31,13515,5
153,13515,2
58,13515,2
142,13519,728
2387,13556,81
189,13556,1
189,13557,878
35,13646,36
30,13648,68
25,13657,18
35,13663,36
2387,13678,473
470,13678,2
3,13678,2
586,13678,1
153,13754,1
58,13755,1
58,13757,1
488,13819,60
2387,13965,2
83,14052,5
142,14052,1
25,14073,99
470,14107,4235
471,14107,3726
189,14107,1109
480,14107,993
482,14107,556
3,14107,461
470,14115,3362
471,14115,3312
189,14115,1106
480,14115,849
482,14115,550
3,14115,461
31,14115,424
488,14115,352
470,14117,3042
471,14117,2251
482,14117,496
3,14117,458
189,14117,393
488,14117,346
480,14117,236
2387,14117,53
142,14117,34
117,14117,14
663,14117,10
470,14119,3045
471,14119,2538
189,14119,518
482,14119,500
3,14119,460
488,14119,346
480,14119,321
31,14119,86
2387,14119,53
142,14119,34
117,14119,14
30,14119,12
586,14119,12
663,14119,10
470,14124,2834
471,14124,1723
3,14124,425
482,14124,387
488,14124,343
2387,14124,52
480,14124,33
189,14124,7
470,14152,3449
471,14152,3427
189,14152,1106
480,14152,849
482,14152,556
3,14152,461
31,14152,431
488,14152,354
663,14153,7
480,14153,3
470,14169,3596
471,14169,3491
189,14169,1107
480,14169,849
482,14169,556
3,14169,461
31,14169,431
488,14169,354
470,14170,3207
471,14170,3129
189,14170,1010
480,14170,836
482,14170,541
3,14170,461
31,14170,376
488,14170,352
2387,14170,53
83,14200,78
31,14200,77
470,14221,3139
471,14221,2984
189,14221,1002
480,14221,547
482,14221,520
3,14221,460
488,14221,346
31,14221,220
2387,14221,53
142,14221,35
470,14232,2880
471,14232,1768
3,14232,434
482,14232,403
488,14232,343
480,14232,62
2387,14232,52
189,14232,48
663,14232,6
117,14232,6
586,14232,3
470,14246,4233
471,14246,3705
189,14246,1109
480,14246,986
482,14246,556
3,14246,461
35,14265,36
142,14278,2
153,14279,1
470,14284,3045
471,14284,2539
189,14284,518
482,14284,500
3,14284,460
488,14284,346
480,14284,321
31,14284,86
2387,14284,53
142,14284,34
117,14284,14
30,14284,12
586,14284,12
663,14284,10
470,14329,3362
471,14329,3318
189,14329,1106
480,14329,849
482,14329,550
3,14329,461
31,14329,424
488,14329,352
58,14342,6
470,14412,2839
471,14412,1725
3,14412,425
482,14412,391
488,14412,343
2387,14412,52
480,14412,33
189,14412,8
34,14415,27
175,14415,8
35,14415,8
31,14415,5
153,14415,2
58,14415,2
3,14428,15
142,14428,5
153,14428,1
31,14436,140
34,14436,24
35,14436,17
58,14436,2
175,14436,1
3,14436,1
470,14570,2839
471,14570,1725
3,14570,425
482,14570,391
488,14570,343
2387,14570,52
480,14570,33
189,14570,10
83,14596,3
4,14625,34
3,14625,3
25,14625,1
83,14625,1
4,14652,1
31,14657,46
175,14657,31
34,14657,23
30,14657,20
153,14657,4
35,14657,3
3,14659,83
30,14708,14
663,14708,1
471,14758,1
30,14766,42
34,14766,16
31,14766,6
488,14784,59
31,14824,142
30,14824,32
34,14824,26
35,14824,17
58,14824,2
175,14824,1
3,14824,1
31,14849,142
30,14849,32
34,14849,26
35,14849,17
58,14849,2
175,14849,1
3,14849,1
470,14854,2839
471,14854,1735
3,14854,425
482,14854,391
488,14854,343
2387,14854,52
480,14854,41
189,14854,24
586,14854,3
663,14854,2
31,14934,144
30,14934,49
34,14934,26
35,14934,17
58,14934,2
175,14934,1
3,14934,1
31,14977,144
30,14977,49
34,14977,26
35,14977,17
58,14977,2
175,14977,1
3,14977,1
31,15002,144
30,15002,49
34,15002,26
35,15002,17
58,15002,2
175,15002,1
3,15002,1
175,15009,62
175,15016,16
30,15016,2
25,15046,214
34,15058,27
175,15058,8
35,15058,8
31,15058,5
153,15058,2
58,15058,2
30,15058,1
3,15064,13
142,15064,5
153,15064,1
586,15076,28
189,15076,6
83,15076,3
4,15091,33
2387,15091,3
117,15099,3
3,15099,2
34,15120,9
31,15120,5
586,15136,9
83,15136,2
470,15163,2840
471,15163,1739
3,15163,425
482,15163,393
488,15163,343
2387,15163,52
480,15163,42
189,15163,24
586,15163,3
663,15163,2
2387,15169,138
470,15277,2854
471,15277,1742
3,15277,425
482,15277,393
488,15277,343
2387,15277,52
480,15277,43
189,15277,25
586,15277,3
663,15277,2
470,15290,2854
471,15290,1742
3,15290,425
482,15290,393
488,15290,343
2387,15290,52
480,15290,43
189,15290,25
586,15290,3
663,15290,2
482,15311,1
470,15313,2854
471,15313,1742
3,15313,425
482,15313,393
488,15313,343
2387,15313,52
480,15313,44
189,15313,25
586,15313,3
663,15313,2
470,15341,2977
471,15341,2081
482,15341,480
3,15341,457
488,15341,346
189,15341,228
480,15341,160
2387,15341,53
142,15341,34
117,15341,14
663,15341,10
586,15341,6
30,15352,10
470,15375,2855
471,15375,1742
3,15375,425
482,15375,394
488,15375,343
2387,15375,52
480,15375,44
189,15375,25
663,15375,3
586,15375,3
34,15423,21
30,15423,18
175,15423,11
31,15423,8
35,15423,3
83,15514,6
153,15514,3
117,15528,249
153,15528,1
4,15538,17
3,15538,3
25,15538,1
83,15538,1
470,15554,2855
471,15554,1742
3,15554,425
482,15554,395
488,15554,343
2387,15554,52
480,15554,46
189,15554,28
663,15554,4
586,15554,3
470,15568,2951
471,15568,2013
482,15568,472
3,15568,457
488,15568,346
189,15568,221
480,15568,146
2387,15568,52
142,15568,34
117,15568,14
663,15568,10
31,15582,64
586,15582,13
189,15589,1
470,15609,2855
471,15609,1744
3,15609,425
482,15609,395
488,15609,343
2387,15609,52
480,15609,46
189,15609,28
663,15609,4
586,15609,3
470,15641,2855
471,15641,1744
3,15641,425
482,15641,395
488,15641,343
2387,15641,52
480,15641,46
189,15641,28
663,15641,4
586,15641,3
663,15643,1
470,15685,2855
471,15685,1744
3,15685,425
482,15685,395
488,15685,343
2387,15685,52
480,15685,51
189,15685,28
663,15685,7
586,15685,3
153,15691,1
470,15791,2895
471,15791,1904
3,15791,450
482,15791,422
488,15791,343
189,15791,122
480,15791,95
2387,15791,52
663,15791,10
117,15791,6
586,15791,3
470,15830,2863
471,15830,1744
3,15830,425
482,15830,395
488,15830,343
2387,15830,52
480,15830,49
189,15830,28
663,15830,5
586,15830,3
142,15947,437
3,16009,13
142,16009,5
153,16009,1
470,16028,2863
471,16028,1747
3,16028,425
482,16028,395
488,16028,343
2387,16028,52
480,16028,50
189,16028,37
663,16028,5
586,16028,3
470,16046,2863
471,16046,1747
3,16046,425
482,16046,395
488,16046,343
2387,16046,52
480,16046,50
189,16046,37
663,16046,5
586,16046,3
470,16088,2863
471,16088,1747
3,16088,425
482,16088,395
488,16088,343
480,16088,57
2387,16088,52
189,16088,37
663,16088,8
586,16088,3
83,16185,5
471,16195,11
175,16195,4
189,16195,1
31,16236,46
175,16236,31
34,16236,23
30,16236,20
153,16236,4
35,16236,3
30,16237,171
31,16237,161
34,16237,27
35,16237,17
58,16237,2
31,16248,34
586,16248,13
153,16248,3
189,16248,3
31,16308,46
175,16308,31
34,16308,23
30,16308,20
153,16308,4
35,16308,3
470,16310,2863
471,16310,1748
3,16310,425
482,16310,396
488,16310,343
480,16310,53
2387,16310,52
189,16310,37
663,16310,5
586,16310,3
35,16348,36
3,16361,2
470,16362,2863
471,16362,1752
3,16362,425
482,16362,396
488,16362,343
480,16362,63
2387,16362,52
189,16362,37
663,16362,8
586,16362,3
117,16385,3
34,16398,71
31,16398,12
470,16412,2863
471,16412,1752
3,16412,425
482,16412,396
488,16412,343
480,16412,56
2387,16412,52
189,16412,37
663,16412,5
586,16412,3
34,16422,27
175,16422,17
35,16422,8
30,16422,7
31,16422,5
153,16422,2
58,16422,2
31,16425,46
175,16425,32
30,16425,27
34,16425,23
153,16425,4
35,16425,3
153,16429,15
25,16500,1
25,16503,296
4,16572,17
3,16572,3
25,16572,1
83,16572,1
34,16591,27
175,16591,17
30,16591,8
35,16591,8
31,16591,8
153,16591,2
58,16591,2
30,16698,171
31,16698,164
34,16698,27
35,16698,17
58,16698,2
153,16707,42
31,16721,47
175,16721,34
30,16721,27
34,16721,23
153,16721,4
35,16721,3
30,16761,171
31,16761,167
34,16761,28
35,16761,17
58,16761,2
34,16762,27
175,16762,18
30,16762,8
35,16762,8
31,16762,8
153,16762,2
58,16762,2
30,16782,171
31,16782,167
34,16782,28
35,16782,17
58,16782,2
58,16799,195
470,16813,2863
471,16813,1754
3,16813,425
482,16813,399
488,16813,343
480,16813,57
2387,16813,52
189,16813,37
663,16813,5
117,16813,4
586,16813,3
3,16826,18
142,16826,5
153,16826,1
470,16844,2863
471,16844,1754
3,16844,425
482,16844,399
488,16844,343
480,16844,57
2387,16844,52
189,16844,37
663,16844,5
117,16844,5
586,16844,3
3,16891,78
482,16891,1
470,16894,2863
471,16894,1754
3,16894,425
482,16894,399
488,16894,343
480,16894,59
2387,16894,52
189,16894,37
663,16894,5
117,16894,5
586,16894,3
153,16899,1
488,16913,12
189,16913,7
470,16913,2
663,16913,1
470,16934,3198
471,16934,3131
189,16934,1010
480,16934,835
482,16934,526
3,16934,461
31,16934,359
488,16934,346
2387,16934,53
30,16941,14
189,16941,3
663,16941,1
3,16981,1
153,16994,1
142,17019,2
83,17022,79
31,17022,77
189,17038,116
471,17038,20
153,17047,1
142,17047,1
142,17049,2
34,17053,71
31,17053,12
25,17083,18
58,17101,5
153,17117,1
142,17117,1
470,17155,2869
471,17155,1761
3,17155,434
482,17155,401
488,17155,343
480,17155,59
2387,17155,52
189,17155,39
117,17155,6
663,17155,5
586,17155,3
34,17196,71
31,17196,12
34,17204,71
31,17204,12
153,17205,1
142,17205,1
58,17209,1
470,17215,3042
471,17215,2266
482,17215,496
3,17215,458
189,17215,394
488,17215,346
480,17215,239
2387,17215,53
142,17215,34
117,17215,14
663,17215,10
470,17218,2869
471,17218,1761
3,17218,434
482,17218,401
488,17218,343
480,17218,60
2387,17218,52
189,17218,41
663,17218,6
117,17218,6
586,17218,3
153,17231,8
142,17231,1
58,17255,6
153,17303,1
25,17303,1
142,17303,1
35,17400,36
586,17443,5
470,17456,2890
471,17456,1833
3,17456,436
482,17456,403
488,17456,343
480,17456,71
189,17456,62
2387,17456,52
663,17456,6
117,17456,6
586,17456,3
3,17489,11
3,17538,18
142,17538,5
153,17538,1
31,17556,49
175,17556,37
30,17556,27
34,17556,23
153,17556,4
35,17556,3
142,17625,2
470,17626,2880
471,17626,1792
3,17626,434
482,17626,403
488,17626,343
480,17626,63
2387,17626,52
189,17626,48
663,17626,6
117,17626,6
586,17626,3
153,17628,1
142,17628,1
3,17639,20
142,17639,5
153,17639,1
189,17716,53
471,17716,4
470,17745,2880
471,17745,1804
3,17745,436
482,17745,403
488,17745,343
480,17745,63
189,17745,55
2387,17745,52
663,17745,6
117,17745,6
586,17745,3
4,17774,2
3,17774,1
58,17787,1
480,17803,7
3,17829,14
142,17829,5
153,17829,1
663,17849,1
3,17864,14
142,17864,5
153,17864,1
470,17866,2880
471,17866,1812
3,17866,436
482,17866,403
488,17866,343
480,17866,69
189,17866,56
2387,17866,52
663,17866,6
117,17866,6
586,17866,3
470,17883,2880
471,17883,1813
3,17883,436
482,17883,403
488,17883,343
480,17883,69
189,17883,56
2387,17883,52
663,17883,6
117,17883,6
586,17883,3
117,17884,3
3,17884,2
4,17885,2
35,17925,36
4,17942,3
189,17965,7
471,18008,12
58,18025,6
30,18025,1
470,18039,2887
471,18039,1816
3,18039,436
482,18039,403
488,18039,343
480,18039,69
189,18039,59
2387,18039,52
663,18039,6
117,18039,6
586,18039,3
470,18188,3235
471,18188,3133
189,18188,1051
480,18188,845
482,18188,537
3,18188,461
31,18188,370
488,18188,352
470,18210,2888
471,18210,1830
3,18210,436
482,18210,403
488,18210,343
480,18210,71
189,18210,60
2387,18210,52
663,18210,6
117,18210,6
586,18210,3
142,18262,1
30,18306,14
189,18306,3
663,18306,1
3,18339,14
142,18339,5
153,18339,1
470,18373,3302
471,18373,3134
189,18373,1074
480,18373,845
482,18373,541
3,18373,461
31,18373,385
488,18373,352
83,18382,78
31,18382,77
3,18424,14
142,18424,5
153,18424,1
58,18453,6
3,18461,1
30,18469,224
31,18469,224
34,18469,29
35,18469,20
58,18469,2
586,18530,6
470,18546,2891
471,18546,1857
3,18546,441
482,18546,403
488,18546,343
480,18546,72
189,18546,62
2387,18546,52
663,18546,6
117,18546,6
586,18546,3
586,18548,5
175,18564,30
34,18564,28
30,18564,23
31,18564,22
35,18564,8
153,18564,2
58,18564,2
189,18571,53
471,18571,4
470,18664,2891
471,18664,1861
3,18664,441
482,18664,403
488,18664,343
480,18664,72
189,18664,62
2387,18664,52
663,18664,6
117,18664,6
586,18664,3
4,18696,3
3,18720,14
142,18720,5
153,18720,1
470,18738,2891
471,18738,1866
3,18738,441
482,18738,403
488,18738,343
480,18738,72
189,18738,62
2387,18738,52
663,18738,7
117,18738,6
586,18738,3
30,18858,1
142,18865,2
471,18865,1
142,18866,3
3,18884,14
142,18884,5
153,18884,1
470,18895,2891
471,18895,1872
3,18895,441
482,18895,403
488,18895,343
480,18895,72
189,18895,65
2387,18895,52
663,18895,7
117,18895,6
586,18895,3
4,18912,1
117,18928,3
3,18928,2
153,18960,1
142,18960,1
586,18985,3
30,19014,13
34,19014,11
175,19014,4
31,19014,3
35,19014,2
58,19087,6
35,19137,36
470,19297,2891
471,19297,1876
3,19297,449
482,19297,403
488,19297,343
480,19297,77
189,19297,66
2387,19297,52
663,19297,8
117,19297,6
586,19297,3
488,19306,67
142,19310,2
471,19310,1
4,19350,3
25,19350,2
34,19443,33
175,19443,3
153,19501,1
25,19501,1
142,19501,1
175,19523,6
25,19548,1
470,19651,2891
471,19651,1877
3,19651,450
482,19651,416
488,19651,343
189,19651,85
480,19651,82
2387,19651,52
663,19651,8
117,19651,6
586,19651,3
470,19657,2897
471,19657,1932
3,19657,450
482,19657,427
488,19657,344
189,19657,184
480,19657,97
2387,19657,52
663,19657,10
117,19657,10
586,19657,3
470,19700,2891
471,19700,1877
3,19700,450
482,19700,417
488,19700,343
189,19700,85
480,19700,82
2387,19700,52
663,19700,8
117,19700,6
586,19700,3
3,19776,1
4,19779,6
586,19779,5
58,19779,4
4,19844,6
586,19844,5
58,19844,4
470,19869,2891
471,19869,1877
3,19869,450
482,19869,417
488,19869,343
189,19869,85
480,19869,82
2387,19869,52
663,19869,8
117,19869,6
586,19869,3
470,19896,2944
471,19896,1998
482,19896,469
3,19896,456
488,19896,346
189,19896,219
480,19896,142
2387,19896,52
142,19896,33
117,19896,14
663,19896,10
83,19921,78
31,19921,77
4,19949,2
3,19949,1
470,20003,2892
471,20003,1886
3,20003,450
482,20003,418
488,20003,343
189,20003,85
480,20003,82
2387,20003,52
663,20003,10
117,20003,6
586,20003,3
142,20011,3
142,20012,3
471,20012,1
30,20051,9
58,20141,6
34,20230,13
30,20230,13
31,20230,8
175,20230,4
35,20230,2
34,20235,27
175,20235,20
31,20235,16
30,20235,9
35,20235,8
153,20235,2
58,20235,2
4,20252,4
117,20269,3
663,20301,8
663,20310,1
34,20499,13
30,20499,13
31,20499,8
175,20499,4
35,20499,2
488,20537,415
470,20537,11
58,20559,23
189,20559,1
470,20572,2973
471,20572,2030
482,20572,489
3,20572,458
488,20572,346
189,20572,225
480,20572,151
2387,20572,53
142,20572,34
117,20572,14
663,20572,10
470,20595,3398
471,20595,3374
189,20595,1106
480,20595,849
482,20595,551
3,20595,461
31,20595,430
488,20595,354
488,20616,408
470,20616,11
470,20620,4235
471,20620,3726
189,20620,1109
480,20620,993
482,20620,556
3,20620,461
175,20671,6
3,20707,14
142,20707,5
153,20707,1
31,20806,57
30,20806,48
175,20806,41
34,20806,23
153,20806,4
35,20806,4
3,20813,14
142,20813,5
153,20813,1
586,20831,1
4,20841,3
663,20874,1
58,20909,1
34,20956,71
31,20956,12
4,20958,4
4,20974,4
4,21009,3
142,21011,3
142,21013,3
586,21062,1
58,21064,4
30,21064,1
470,21079,2933
471,21079,1998
482,21079,468
3,21079,456
488,21079,346
189,21079,213
480,21079,136
2387,21079,52
142,21079,33
117,21079,14
663,21079,10
4,21083,3
4,21144,17
3,21144,3
25,21144,1
83,21144,1
4,21158,4
4,21182,4
470,21217,2896
471,21217,1904
3,21217,450
482,21217,424
488,21217,343
189,21217,149
480,21217,95
2387,21217,52
663,21217,10
117,21217,6
586,21217,3
35,21242,36
3,21301,104
25,21301,2
58,21372,6
4,21406,4
4,21421,17
3,21421,3
25,21421,1
83,21421,1
470,21438,2896
471,21438,1908
3,21438,450
482,21438,426
488,21438,343
189,21438,154
480,21438,96
2387,21438,52
663,21438,10
117,21438,6
586,21438,3
3,21463,14
142,21463,5
153,21463,1
4,21489,18
3,21489,3
25,21489,1
83,21489,1
142,21566,3
58,21607,7
30,21650,17
189,21650,3
663,21650,1
4,21709,48
663,21710,1
4,21717,17
3,21717,3
25,21717,1
83,21717,1
142,21820,3
3,21862,14
142,21862,5
153,21862,1
488,22053,408
470,22053,11
4,22092,4
153,22101,3
3,22123,33
83,22123,1
470,22251,2896
471,22251,1918
3,22251,450
482,22251,427
488,22251,343
189,22251,165
480,22251,97
2387,22251,52
663,22251,10
117,22251,7
586,22251,3
153,22291,1
142,22291,1
470,22295,2896
471,22295,1918
3,22295,450
482,22295,427
488,22295,343
189,22295,165
480,22295,97
2387,22295,52
663,22295,10
117,22295,7
586,22295,3
4,22297,4
117,22308,3
3,22308,2
3,22329,14
142,22329,5
153,22329,1
488,22420,12
470,22420,2
663,22420,1
3,22424,26
83,22424,1
470,22425,2896
471,22425,1912
3,22425,450
482,22425,427
488,22425,343
189,22425,156
480,22425,118
2387,22425,52
663,22425,17
117,22425,6
34,22462,28
175,22462,20
31,22462,16
30,22462,14
35,22462,8
153,22462,2
58,22462,2
30,22463,86
31,22463,57
175,22463,41
34,22463,23
153,22463,4
35,22463,4
663,22463,1
470,22506,3323
471,22506,3188
189,22506,1081
480,22506,846
482,22506,541
3,22506,461
31,22506,412
488,22506,352
142,22525,66
586,22525,1
470,22534,2896
471,22534,1918
3,22534,450
482,22534,427
488,22534,343
189,22534,165
480,22534,97
2387,22534,52
663,22534,10
117,22534,7
586,22534,3
83,22553,5
142,22553,1
3,22568,26
83,22568,1
488,22617,59
30,22735,269
31,22735,249
34,22735,29
35,22735,20
58,22735,2
30,22736,89
31,22736,58
175,22736,41
34,22736,23
153,22736,4
35,22736,4
663,22736,1
34,22737,28
175,22737,20
31,22737,16
30,22737,15
35,22737,8
153,22737,2
58,22737,2
83,22766,5
142,22766,1
470,22782,2896
471,22782,1930
3,22782,450
482,22782,427
488,22782,343
189,22782,169
480,22782,97
2387,22782,52
663,22782,10
117,22782,7
586,22782,3
3,22820,83
153,22826,43
3,22885,26
83,22885,1
663,22911,1
30,22926,4
34,22926,3
189,22926,3
663,22991,1
83,23031,5
142,23031,1
31,23031,1
153,23048,28
4,23048,1
117,23060,6
3,23060,2
83,23087,5
142,23087,1
153,23113,22
4,23113,1
3,23141,26
83,23141,1
3,23152,26
83,23152,1
3,23201,2
4,23236,17
3,23236,3
25,23236,1
83,23236,1
3,23264,26
83,23264,1
470,23279,3406
471,23279,3385
189,23279,1106
480,23279,849
482,23279,552
3,23279,461
31,23279,431
488,23279,354
31,23285,34
34,23285,3
470,23303,2897
471,23303,1932
3,23303,450
482,23303,427
488,23303,344
189,23303,188
480,23303,97
2387,23303,52
117,23303,11
663,23303,10
586,23303,3
34,23325,72
31,23325,13
30,23367,1
4,23535,4
175,23536,6
30,23536,2
34,23579,72
31,23579,28
34,23581,20
30,23581,13
31,23581,8
175,23581,4
35,23581,2
58,23586,1
663,23589,9
4,23643,16
117,23723,3
3,23723,2
470,23751,2897
471,23751,1953
3,23751,450
482,23751,429
488,23751,344
189,23751,193
480,23751,97
2387,23751,52
117,23751,13
663,23751,10
4,23784,17
3,23784,3
25,23784,1
83,23784,1
3,23800,33
83,23800,1
470,23808,2897
471,23808,1966
3,23808,450
482,23808,431
488,23808,344
189,23808,195
480,23808,97
2387,23808,52
117,23808,13
663,23808,10
117,23818,3
3,23818,2
3,23907,14
142,23907,5
153,23907,1
83,23975,5
142,23975,1
4,23986,17
3,23986,3
25,23986,1
83,23986,1
3,24016,16
142,24016,5
153,24016,1
488,24122,460
470,24122,11
470,24183,2880
471,24183,1822
3,24183,436
482,24183,411
488,24183,343
480,24183,71
189,24183,54
2387,24183,52
663,24183,9
117,24183,7
586,24183,3
4,24189,3
153,24240,3
30,24249,296
31,24249,262
34,24249,29
35,24249,20
58,24249,2
488,24390,460
470,24390,11
153,24417,3
470,24428,2897
471,24428,1977
3,24428,450
482,24428,435
488,24428,344
189,24428,206
480,24428,108
2387,24428,52
117,24428,13
663,24428,10
470,24509,2897
471,24509,1978
3,24509,450
482,24509,436
488,24509,344
189,24509,206
480,24509,108
2387,24509,52
142,24509,29
117,24509,13
663,24509,10
58,24536,6
4,24549,24
83,24549,1
4,24597,3
470,24615,2897
471,24615,1978
3,24615,450
482,24615,436
488,24615,344
189,24615,206
480,24615,108
2387,24615,52
142,24615,29
117,24615,13
663,24615,10
3,24718,33
83,24718,1
4,24720,4
470,24750,2897
471,24750,1984
3,24750,450
482,24750,438
488,24750,344
189,24750,206
480,24750,109
2387,24750,52
142,24750,32
117,24750,13
663,24750,10
470,24871,3328
471,24871,3212
189,24871,1081
480,24871,846
482,24871,544
3,24871,461
31,24871,413
488,24871,352
3,24872,33
83,24872,1
4,24998,17
3,24998,3
25,24998,1
83,24998,1
58,25063,13
4,25150,3
30,25189,317
31,25189,263
34,25189,29
35,25189,20
58,25189,2
470,25210,3041
471,25210,2250
482,25210,496
3,25210,458
189,25210,382
488,25210,346
480,25210,234
2387,25210,53
142,25210,34
117,25210,14
663,25210,10
30,25239,27
34,25239,22
175,25239,9
31,25239,8
3,25254,33
83,25254,1
470,25270,2900
471,25270,1995
3,25270,450
482,25270,439
488,25270,344
189,25270,206
480,25270,109
2387,25270,52
142,25270,32
117,25270,13
663,25270,10
470,25289,2900
471,25289,1995
3,25289,450
482,25289,440
488,25289,344
189,25289,206
480,25289,109
2387,25289,52
142,25289,32
117,25289,13
663,25289,10
4,25295,48
58,25318,13
488,25401,452
470,25401,11
3,25404,33
83,25404,1
153,25441,3
586,25508,1
117,25509,3
34,25562,72
31,25562,28
153,25595,3
470,25599,2912
471,25599,1996
3,25599,450
482,25599,443
488,25599,346
189,25599,208
480,25599,110
2387,25599,52
142,25599,32
117,25599,13
663,25599,10
3,25619,33
83,25619,1
35,25675,36
189,25690,12
30,25690,1
3,25708,6
4,25708,4
4,25731,48
586,25786,1
4,25876,3
470,25876,3
4,25903,3
153,25907,30
153,25927,45
470,25979,3112
471,25979,2853
189,25979,927
480,25979,733
482,25979,520
3,25979,460
488,25979,346
31,25979,197
2387,25979,53
142,25979,35
3,25994,20
142,25994,5
153,25994,1
470,26014,2912
471,26014,1996
3,26014,450
482,26014,446
488,26014,346
189,26014,208
480,26014,111
2387,26014,52
142,26014,32
117,26014,13
663,26014,10
586,26014,4
470,26070,2912
471,26070,1996
3,26070,450
482,26070,446
488,26070,346
189,26070,208
480,26070,111
2387,26070,52
142,26070,32
117,26070,13
663,26070,10
586,26070,4
34,26125,21
30,26125,17
31,26125,8
175,26125,4
35,26125,2
30,26128,14
663,26128,1
30,26169,330
31,26169,265
34,26169,32
35,26169,20
58,26169,2
30,26187,36
31,26187,3
34,26187,2
153,26196,2
470,26326,2912
471,26326,1996
3,26326,450
482,26326,447
488,26326,346
189,26326,208
480,26326,111
2387,26326,52
142,26326,32
117,26326,13
663,26326,10
586,26326,4
470,26328,2912
471,26328,1996
3,26328,450
482,26328,447
488,26328,346
189,26328,208
480,26328,111
2387,26328,52
142,26328,32
117,26328,13
663,26328,10
586,26328,4
58,26333,6
153,26333,2
30,26335,47
31,26335,4
34,26335,2
30,26341,335
31,26341,266
34,26341,32
35,26341,20
58,26341,2
586,26361,4
58,26453,6
470,26529,3963
471,26529,3679
189,26529,1109
480,26529,986
482,26529,556
3,26529,461
58,26610,6
175,26630,13
30,26630,2
3,26635,15
142,26635,5
153,26635,1
117,26647,3
3,26647,2
3,26672,33
83,26672,1
83,26675,5
142,26675,1
31,26675,1
58,26703,12
153,26703,4
470,26724,2912
471,26724,1996
3,26724,456
482,26724,450
488,26724,346
189,26724,209
480,26724,111
2387,26724,52
142,26724,32
117,26724,13
663,26724,10
586,26724,4
3,26763,16
189,26763,6
586,26796,1
35,26817,36
58,26883,31
4,26920,3
470,26941,2912
471,26941,1996
3,26941,456
482,26941,452
488,26941,346
189,26941,209
480,26941,111
2387,26941,52
142,26941,32
117,26941,13
663,26941,10
586,26941,4
4,26975,3
58,27022,6
586,27062,1
470,27077,3031
471,27077,2229
482,27077,495
3,27077,458
189,27077,372
488,27077,346
480,27077,218
2387,27077,53
142,27077,34
117,27077,14
663,27077,10
175,27109,30
34,27109,28
30,27109,23
31,27109,22
35,27109,8
153,27109,2
58,27109,2
189,27121,6
30,27121,1
58,27152,13
3,27170,15
142,27170,5
153,27170,1
34,27206,21
30,27206,17
31,27206,8
175,27206,4
35,27206,3
470,27254,3045
471,27254,2537
482,27254,500
189,27254,492
3,27254,460
488,27254,346
480,27254,315
31,27254,70
2387,27254,53
142,27254,34
117,27254,14
30,27254,12
586,27254,12
663,27254,10
488,27320,10
30,27328,14
663,27328,1
